deep learning	1032
neural network	1616
dnn	128
cnn	120
machine learning	1282
autonomous vehicle	128
autonomous driving	160
self-driving	40
automatics	0
autonomous car	24
driver assistance	8
adas	8
self driving	0
overtaking	0
automated vehicle	24
automated driving	48
automated car	0
driving scenarios	8
vehicle safety	0
intelligent vehicle	0
intelligent car	0
apollo	8
waymo	0
vehicle signalization system	0
pedestrian	41
lane	80
carla	0
lgsvl	0
vehicle	464
v2x	8
autonomous electric vehicle	0
autonomous electric car	0
connected vehicle	8
object detection	24
lidar	0
traffic scene	0
traffic accident	0
driving simulator	0
vision-based control systems	8
